{"train_loss": [1.204176226959509, 0.3592613244387491], "train_acc": [0.6456019907963185, 0.8922756602641057], "valid_loss": [0.7077382476636151, 0.2651839684174713], "valid_acc": [0.8822326416600159, 0.9060005985634477]}